{"color":{"r":0.4588235294117647,"b":0.4588235294117647,"g":0.4588235294117647,"a":1},"name":"dropShadowOpaque","category":"Colors","index":18}