{"color":{"r":1,"b":0.1019607843137255,"g":0.5686274509803921,"a":1},"secondaryIndex":null,"name":"orange","category":"Colors","index":2}