{"color":{"r":0.05882352941176473,"b":0.6392156862745095,"g":0.8509803921568627,"a":1},"secondaryIndex":null,"name":"teal","category":"Colors","index":5}