{"color":{"r":0.43921568627451,"b":0.6901960784313725,"g":0,"a":1},"secondaryIndex":null,"name":"plum","category":"Colors","index":8}