{"color":{"r":0.9294117647058824,"b":0.2509803921568624,"g":0.1098039215686274,"a":1},"name":"red","category":"Colors","index":0}