{"color":{"r":0.1215686274509804,"b":0.8,"g":0.1411764705882353,"a":1},"secondaryIndex":null,"name":"lightPurple","category":"Colors","index":7}