{"color":{"r":0.3490196078431373,"b":0.07843137254901969,"g":0.8588235294117647,"a":1},"secondaryIndex":null,"name":"shamrock","category":"Colors","index":4}