{"color":{"r":0.9803921568627451,"b":0.9803921568627451,"g":0.9803921568627451,"a":1},"name":"collectionBG","category":"Colors","index":20}