{"color":{"r":0.3019607843137255,"b":0.9294117647058824,"g":0.819607843137255,"a":1},"secondaryIndex":null,"name":"blue","category":"Colors","index":6}